[
  {
    "code": "0",
    "label": "不限",
    "children": [
      {
        "code": "0",
        "label": "不限"
      }
    ]
  },
  {
    "code": "11",
    "label": "北京市",
    "children": [
      {
        "code": "11",
        "label": "北京"
      }
    ]
  },
  {
    "code": "12",
    "label": "天津市",
    "children": [
      {
        "code": "12",
        "label": "天津"
      }
    ]
  },
  {
    "code": "31",
    "label": "上海市",
    "children": [
      {
        "code": "31",
        "label": "上海"
      }
    ]
  },
  {
    "code": "50",
    "label": "重庆市",
    "children": [
      {
        "code": "50",
        "label": "重庆"
      }
    ]
  },
  {
    "code": "13",
    "label": "河北省",
    "children": [
      {
        "code": "1301",
        "label": "石家庄"
      },
      {
        "code": "1302",
        "label": "唐山"
      },
      {
        "code": "1303",
        "label": "秦皇岛"
      },
      {
        "code": "1304",
        "label": "邯郸"
      },
      {
        "code": "1305",
        "label": "邢台"
      },
      {
        "code": "1306",
        "label": "保定"
      },
      {
        "code": "1307",
        "label": "张家口"
      },
      {
        "code": "1308",
        "label": "承德"
      },
      {
        "code": "1309",
        "label": "沧州"
      },
      {
        "code": "1310",
        "label": "廊坊"
      },
      {
        "code": "1311",
        "label": "衡水"
      }
    ]
  },
  {
    "code": "14",
    "label": "山西省",
    "children": [
      {
        "code": "1401",
        "label": "太原"
      },
      {
        "code": "1402",
        "label": "大同"
      },
      {
        "code": "1403",
        "label": "阳泉"
      },
      {
        "code": "1404",
        "label": "长治"
      },
      {
        "code": "1405",
        "label": "晋城"
      },
      {
        "code": "1406",
        "label": "朔州"
      },
      {
        "code": "1407",
        "label": "晋中"
      },
      {
        "code": "1408",
        "label": "运城"
      },
      {
        "code": "1409",
        "label": "忻州"
      },
      {
        "code": "1410",
        "label": "临汾"
      },
      {
        "code": "1411",
        "label": "吕梁"
      }
    ]
  },
  {
    "code": "15",
    "label": "内蒙古自治区",
    "children": [
      {
        "code": "1501",
        "label": "呼和浩特"
      },
      {
        "code": "1502",
        "label": "包头"
      },
      {
        "code": "1503",
        "label": "乌海"
      },
      {
        "code": "1504",
        "label": "赤峰"
      },
      {
        "code": "1505",
        "label": "通辽"
      },
      {
        "code": "1506",
        "label": "鄂尔多斯"
      },
      {
        "code": "1507",
        "label": "呼伦贝尔"
      },
      {
        "code": "1508",
        "label": "巴彦淖尔"
      },
      {
        "code": "1509",
        "label": "乌兰察布"
      },
      {
        "code": "1522",
        "label": "兴安盟"
      },
      {
        "code": "1525",
        "label": "锡林郭勒盟"
      },
      {
        "code": "1529",
        "label": "阿拉善盟"
      }
    ]
  },
  {
    "code": "21",
    "label": "辽宁省",
    "children": [
      {
        "code": "2101",
        "label": "沈阳"
      },
      {
        "code": "2102",
        "label": "大连"
      },
      {
        "code": "2103",
        "label": "鞍山"
      },
      {
        "code": "2104",
        "label": "抚顺"
      },
      {
        "code": "2105",
        "label": "本溪"
      },
      {
        "code": "2106",
        "label": "丹东"
      },
      {
        "code": "2107",
        "label": "锦州"
      },
      {
        "code": "2108",
        "label": "营口"
      },
      {
        "code": "2109",
        "label": "阜新"
      },
      {
        "code": "2110",
        "label": "辽阳"
      },
      {
        "code": "2111",
        "label": "盘锦"
      },
      {
        "code": "2112",
        "label": "铁岭"
      },
      {
        "code": "2113",
        "label": "朝阳"
      },
      {
        "code": "2114",
        "label": "葫芦岛"
      }
    ]
  },
  {
    "code": "22",
    "label": "吉林省",
    "children": [
      {
        "code": "2201",
        "label": "长春"
      },
      {
        "code": "2202",
        "label": "吉林"
      },
      {
        "code": "2203",
        "label": "四平"
      },
      {
        "code": "2204",
        "label": "辽源"
      },
      {
        "code": "2205",
        "label": "通化"
      },
      {
        "code": "2206",
        "label": "白山"
      },
      {
        "code": "2207",
        "label": "松原"
      },
      {
        "code": "2208",
        "label": "白城"
      },
      {
        "code": "2224",
        "label": "延边朝鲜族自治州"
      }
    ]
  },
  {
    "code": "23",
    "label": "黑龙江省",
    "children": [
      {
        "code": "2301",
        "label": "哈尔滨"
      },
      {
        "code": "2302",
        "label": "齐齐哈尔"
      },
      {
        "code": "2303",
        "label": "鸡西"
      },
      {
        "code": "2304",
        "label": "鹤岗"
      },
      {
        "code": "2305",
        "label": "双鸭山"
      },
      {
        "code": "2306",
        "label": "大庆"
      },
      {
        "code": "2307",
        "label": "伊春"
      },
      {
        "code": "2308",
        "label": "佳木斯"
      },
      {
        "code": "2309",
        "label": "七台河"
      },
      {
        "code": "2310",
        "label": "牡丹江"
      },
      {
        "code": "2311",
        "label": "黑河"
      },
      {
        "code": "2312",
        "label": "绥化"
      },
      {
        "code": "2327",
        "label": "大兴安岭地区"
      }
    ]
  },

  {
    "code": "32",
    "label": "江苏省",
    "children": [
      {
        "code": "3201",
        "label": "南京"
      },
      {
        "code": "3202",
        "label": "无锡"
      },
      {
        "code": "3203",
        "label": "徐州"
      },
      {
        "code": "3204",
        "label": "常州"
      },
      {
        "code": "3205",
        "label": "苏州"
      },
      {
        "code": "3206",
        "label": "南通"
      },
      {
        "code": "3207",
        "label": "连云港"
      },
      {
        "code": "3208",
        "label": "淮安"
      },
      {
        "code": "3209",
        "label": "盐城"
      },
      {
        "code": "3210",
        "label": "扬州"
      },
      {
        "code": "3211",
        "label": "镇江"
      },
      {
        "code": "3212",
        "label": "泰州"
      },
      {
        "code": "3213",
        "label": "宿迁"
      }
    ]
  },
  {
    "code": "33",
    "label": "浙江省",
    "children": [
      {
        "code": "3301",
        "label": "杭州"
      },
      {
        "code": "3302",
        "label": "宁波"
      },
      {
        "code": "3303",
        "label": "温州"
      },
      {
        "code": "3304",
        "label": "嘉兴"
      },
      {
        "code": "3305",
        "label": "湖州"
      },
      {
        "code": "3306",
        "label": "绍兴"
      },
      {
        "code": "3307",
        "label": "金华"
      },
      {
        "code": "3308",
        "label": "衢州"
      },
      {
        "code": "3309",
        "label": "舟山"
      },
      {
        "code": "3310",
        "label": "台州"
      },
      {
        "code": "3311",
        "label": "丽水"
      }
    ]
  },
  {
    "code": "34",
    "label": "安徽省",
    "children": [
      {
        "code": "3401",
        "label": "合肥"
      },
      {
        "code": "3402",
        "label": "芜湖"
      },
      {
        "code": "3403",
        "label": "蚌埠"
      },
      {
        "code": "3404",
        "label": "淮南"
      },
      {
        "code": "3405",
        "label": "马鞍山"
      },
      {
        "code": "3406",
        "label": "淮北"
      },
      {
        "code": "3407",
        "label": "铜陵"
      },
      {
        "code": "3408",
        "label": "安庆"
      },
      {
        "code": "3410",
        "label": "黄山"
      },
      {
        "code": "3411",
        "label": "滁州"
      },
      {
        "code": "3412",
        "label": "阜阳"
      },
      {
        "code": "3413",
        "label": "宿州"
      },
      {
        "code": "3415",
        "label": "六安"
      },
      {
        "code": "3416",
        "label": "亳州"
      },
      {
        "code": "3417",
        "label": "池州"
      },
      {
        "code": "3418",
        "label": "宣城"
      }
    ]
  },
  {
    "code": "35",
    "label": "福建省",
    "children": [
      {
        "code": "3501",
        "label": "福州"
      },
      {
        "code": "3502",
        "label": "厦门"
      },
      {
        "code": "3503",
        "label": "莆田"
      },
      {
        "code": "3504",
        "label": "三明"
      },
      {
        "code": "3505",
        "label": "泉州"
      },
      {
        "code": "3506",
        "label": "漳州"
      },
      {
        "code": "3507",
        "label": "南平"
      },
      {
        "code": "3508",
        "label": "龙岩"
      },
      {
        "code": "3509",
        "label": "宁德"
      }
    ]
  },
  {
    "code": "36",
    "label": "江西省",
    "children": [
      {
        "code": "3601",
        "label": "南昌"
      },
      {
        "code": "3602",
        "label": "景德镇"
      },
      {
        "code": "3603",
        "label": "萍乡"
      },
      {
        "code": "3604",
        "label": "九江"
      },
      {
        "code": "3605",
        "label": "新余"
      },
      {
        "code": "3606",
        "label": "鹰潭"
      },
      {
        "code": "3607",
        "label": "赣州"
      },
      {
        "code": "3608",
        "label": "吉安"
      },
      {
        "code": "3609",
        "label": "宜春"
      },
      {
        "code": "3610",
        "label": "抚州"
      },
      {
        "code": "3611",
        "label": "上饶"
      }
    ]
  },
  {
    "code": "37",
    "label": "山东省",
    "children": [
      {
        "code": "3701",
        "label": "济南"
      },
      {
        "code": "3702",
        "label": "青岛"
      },
      {
        "code": "3703",
        "label": "淄博"
      },
      {
        "code": "3704",
        "label": "枣庄"
      },
      {
        "code": "3705",
        "label": "东营"
      },
      {
        "code": "3706",
        "label": "烟台"
      },
      {
        "code": "3707",
        "label": "潍坊"
      },
      {
        "code": "3708",
        "label": "济宁"
      },
      {
        "code": "3709",
        "label": "泰安"
      },
      {
        "code": "3710",
        "label": "威海"
      },
      {
        "code": "3711",
        "label": "日照"
      },
      {
        "code": "3713",
        "label": "临沂"
      },
      {
        "code": "3714",
        "label": "德州"
      },
      {
        "code": "3715",
        "label": "聊城"
      },
      {
        "code": "3716",
        "label": "滨州"
      },
      {
        "code": "3717",
        "label": "菏泽"
      }
    ]
  },
  {
    "code": "41",
    "label": "河南省",
    "children": [
      {
        "code": "4101",
        "label": "郑州"
      },
      {
        "code": "4102",
        "label": "开封"
      },
      {
        "code": "4103",
        "label": "洛阳"
      },
      {
        "code": "4104",
        "label": "平顶山"
      },
      {
        "code": "4105",
        "label": "安阳"
      },
      {
        "code": "4106",
        "label": "鹤壁"
      },
      {
        "code": "4107",
        "label": "新乡"
      },
      {
        "code": "4108",
        "label": "焦作"
      },
      {
        "code": "4109",
        "label": "濮阳"
      },
      {
        "code": "4110",
        "label": "许昌"
      },
      {
        "code": "4111",
        "label": "漯河"
      },
      {
        "code": "4112",
        "label": "三门峡"
      },
      {
        "code": "4113",
        "label": "南阳"
      },
      {
        "code": "4114",
        "label": "商丘"
      },
      {
        "code": "4115",
        "label": "信阳"
      },
      {
        "code": "4116",
        "label": "周口"
      },
      {
        "code": "4117",
        "label": "驻马店"
      },
      {
        "code": "419001",
        "label": "济源"
      }
    ]
  },
  {
    "code": "42",
    "label": "湖北省",
    "children": [
      {
        "code": "4201",
        "label": "武汉"
      },
      {
        "code": "4202",
        "label": "黄石"
      },
      {
        "code": "4203",
        "label": "十堰"
      },
      {
        "code": "4205",
        "label": "宜昌"
      },
      {
        "code": "4206",
        "label": "襄阳"
      },
      {
        "code": "4207",
        "label": "鄂州"
      },
      {
        "code": "4208",
        "label": "荆门"
      },
      {
        "code": "4209",
        "label": "孝感"
      },
      {
        "code": "4210",
        "label": "荆州"
      },
      {
        "code": "4211",
        "label": "黄冈"
      },
      {
        "code": "4212",
        "label": "咸宁"
      },
      {
        "code": "4213",
        "label": "随州"
      },
      {
        "code": "4228",
        "label": "恩施土家族苗族自治州"
      },
      {
        "code": "429004",
        "label": "仙桃"
      },
      {
        "code": "429005",
        "label": "潜江"
      },
      {
        "code": "429006",
        "label": "天门"
      },
      {
        "code": "429021",
        "label": "神农架林区"
      }
    ]
  },
  {
    "code": "43",
    "label": "湖南省",
    "children": [
      {
        "code": "4301",
        "label": "长沙"
      },
      {
        "code": "4302",
        "label": "株洲"
      },
      {
        "code": "4303",
        "label": "湘潭"
      },
      {
        "code": "4304",
        "label": "衡阳"
      },
      {
        "code": "4305",
        "label": "邵阳"
      },
      {
        "code": "4306",
        "label": "岳阳"
      },
      {
        "code": "4307",
        "label": "常德"
      },
      {
        "code": "4308",
        "label": "张家界"
      },
      {
        "code": "4309",
        "label": "益阳"
      },
      {
        "code": "4310",
        "label": "郴州"
      },
      {
        "code": "4311",
        "label": "永州"
      },
      {
        "code": "4312",
        "label": "怀化"
      },
      {
        "code": "4313",
        "label": "娄底"
      },
      {
        "code": "4331",
        "label": "湘西土家族苗族自治州"
      }
    ]
  },
  {
    "code": "44",
    "label": "广东省",
    "children": [
      {
        "code": "4401",
        "label": "广州"
      },
      {
        "code": "4402",
        "label": "韶关"
      },
      {
        "code": "4403",
        "label": "深圳"
      },
      {
        "code": "4404",
        "label": "珠海"
      },
      {
        "code": "4405",
        "label": "汕头"
      },
      {
        "code": "4406",
        "label": "佛山"
      },
      {
        "code": "4407",
        "label": "江门"
      },
      {
        "code": "4408",
        "label": "湛江"
      },
      {
        "code": "4409",
        "label": "茂名"
      },
      {
        "code": "4412",
        "label": "肇庆"
      },
      {
        "code": "4413",
        "label": "惠州"
      },
      {
        "code": "4414",
        "label": "梅州"
      },
      {
        "code": "4415",
        "label": "汕尾"
      },
      {
        "code": "4416",
        "label": "河源"
      },
      {
        "code": "4417",
        "label": "阳江"
      },
      {
        "code": "4418",
        "label": "清远"
      },
      {
        "code": "4419",
        "label": "东莞"
      },
      {
        "code": "4420",
        "label": "中山"
      },
      {
        "code": "4451",
        "label": "潮州"
      },
      {
        "code": "4452",
        "label": "揭阳"
      },
      {
        "code": "4453",
        "label": "云浮"
      }
    ]
  },
  {
    "code": "45",
    "label": "广西壮族自治区",
    "children": [
      {
        "code": "4501",
        "label": "南宁"
      },
      {
        "code": "4502",
        "label": "柳州"
      },
      {
        "code": "4503",
        "label": "桂林"
      },
      {
        "code": "4504",
        "label": "梧州"
      },
      {
        "code": "4505",
        "label": "北海"
      },
      {
        "code": "4506",
        "label": "防城港"
      },
      {
        "code": "4507",
        "label": "钦州"
      },
      {
        "code": "4508",
        "label": "贵港"
      },
      {
        "code": "4509",
        "label": "玉林"
      },
      {
        "code": "4510",
        "label": "百色"
      },
      {
        "code": "4511",
        "label": "贺州"
      },
      {
        "code": "4512",
        "label": "河池"
      },
      {
        "code": "4513",
        "label": "来宾"
      },
      {
        "code": "4514",
        "label": "崇左"
      }
    ]
  },
  {
    "code": "46",
    "label": "海南省",
    "children": [
      {
        "code": "4601",
        "label": "海口"
      },
      {
        "code": "4602",
        "label": "三亚"
      },
      {
        "code": "4603",
        "label": "三沙"
      },
      {
        "code": "4604",
        "label": "儋州"
      },
      {
        "code": "469001",
        "label": "五指山"
      },
      {
        "code": "469002",
        "label": "琼海"
      },
      {
        "code": "469005",
        "label": "文昌"
      },
      {
        "code": "469006",
        "label": "万宁"
      },
      {
        "code": "469007",
        "label": "东方"
      },
      {
        "code": "469021",
        "label": "定安县"
      },
      {
        "code": "469022",
        "label": "屯昌县"
      },
      {
        "code": "469023",
        "label": "澄迈县"
      },
      {
        "code": "469024",
        "label": "临高县"
      },
      {
        "code": "469025",
        "label": "白沙黎族自治县"
      },
      {
        "code": "469026",
        "label": "昌江黎族自治县"
      },
      {
        "code": "469027",
        "label": "乐东黎族自治县"
      },
      {
        "code": "469028",
        "label": "陵水黎族自治县"
      },
      {
        "code": "469029",
        "label": "保亭黎族苗族自治县"
      },
      {
        "code": "469030",
        "label": "琼中黎族苗族自治县"
      }
    ]
  },
  {
    "code": "51",
    "label": "四川省",
    "children": [
      {
        "code": "5101",
        "label": "成都"
      },
      {
        "code": "5103",
        "label": "自贡"
      },
      {
        "code": "5104",
        "label": "攀枝花"
      },
      {
        "code": "5105",
        "label": "泸州"
      },
      {
        "code": "5106",
        "label": "德阳"
      },
      {
        "code": "5107",
        "label": "绵阳"
      },
      {
        "code": "5108",
        "label": "广元"
      },
      {
        "code": "5109",
        "label": "遂宁"
      },
      {
        "code": "5110",
        "label": "内江"
      },
      {
        "code": "5111",
        "label": "乐山"
      },
      {
        "code": "5113",
        "label": "南充"
      },
      {
        "code": "5114",
        "label": "眉山"
      },
      {
        "code": "5115",
        "label": "宜宾"
      },
      {
        "code": "5116",
        "label": "广安"
      },
      {
        "code": "5117",
        "label": "达州"
      },
      {
        "code": "5118",
        "label": "雅安"
      },
      {
        "code": "5119",
        "label": "巴中"
      },
      {
        "code": "5120",
        "label": "资阳"
      },
      {
        "code": "5132",
        "label": "阿坝藏族羌族自治州"
      },
      {
        "code": "5133",
        "label": "甘孜藏族自治州"
      },
      {
        "code": "5134",
        "label": "凉山彝族自治州"
      }
    ]
  },
  {
    "code": "52",
    "label": "贵州省",
    "children": [
      {
        "code": "5201",
        "label": "贵阳"
      },
      {
        "code": "5202",
        "label": "六盘水"
      },
      {
        "code": "5203",
        "label": "遵义"
      },
      {
        "code": "5204",
        "label": "安顺"
      },
      {
        "code": "5205",
        "label": "毕节"
      },
      {
        "code": "5206",
        "label": "铜仁"
      },
      {
        "code": "5223",
        "label": "黔西南布依族苗族自治州"
      },
      {
        "code": "5226",
        "label": "黔东南苗族侗族自治州"
      },
      {
        "code": "5227",
        "label": "黔南布依族苗族自治州"
      }
    ]
  },
  {
    "code": "53",
    "label": "云南省",
    "children": [
      {
        "code": "5301",
        "label": "昆明"
      },
      {
        "code": "5303",
        "label": "曲靖"
      },
      {
        "code": "5304",
        "label": "玉溪"
      },
      {
        "code": "5305",
        "label": "保山"
      },
      {
        "code": "5306",
        "label": "昭通"
      },
      {
        "code": "5307",
        "label": "丽江"
      },
      {
        "code": "5308",
        "label": "普洱"
      },
      {
        "code": "5309",
        "label": "临沧"
      },
      {
        "code": "5323",
        "label": "楚雄彝族自治州"
      },
      {
        "code": "5325",
        "label": "红河哈尼族彝族自治州"
      },
      {
        "code": "5326",
        "label": "文山壮族苗族自治州"
      },
      {
        "code": "5328",
        "label": "西双版纳傣族自治州"
      },
      {
        "code": "5329",
        "label": "大理白族自治州"
      },
      {
        "code": "5331",
        "label": "德宏傣族景颇族自治州"
      },
      {
        "code": "5333",
        "label": "怒江傈僳族自治州"
      },
      {
        "code": "5334",
        "label": "迪庆藏族自治州"
      }
    ]
  },
  {
    "code": "54",
    "label": "西藏自治区",
    "children": [
      {
        "code": "5401",
        "label": "拉萨"
      },
      {
        "code": "5402",
        "label": "日喀则"
      },
      {
        "code": "5403",
        "label": "昌都"
      },
      {
        "code": "5404",
        "label": "林芝"
      },
      {
        "code": "5405",
        "label": "山南"
      },
      {
        "code": "5406",
        "label": "那曲"
      },
      {
        "code": "5425",
        "label": "阿里地区"
      }
    ]
  },
  {
    "code": "61",
    "label": "陕西省",
    "children": [
      {
        "code": "6101",
        "label": "西安"
      },
      {
        "code": "6102",
        "label": "铜川"
      },
      {
        "code": "6103",
        "label": "宝鸡"
      },
      {
        "code": "6104",
        "label": "咸阳"
      },
      {
        "code": "6105",
        "label": "渭南"
      },
      {
        "code": "6106",
        "label": "延安"
      },
      {
        "code": "6107",
        "label": "汉中"
      },
      {
        "code": "6108",
        "label": "榆林"
      },
      {
        "code": "6109",
        "label": "安康"
      },
      {
        "code": "6110",
        "label": "商洛"
      }
    ]
  },
  {
    "code": "62",
    "label": "甘肃省",
    "children": [
      {
        "code": "6201",
        "label": "兰州"
      },
      {
        "code": "6202",
        "label": "嘉峪关"
      },
      {
        "code": "6203",
        "label": "金昌"
      },
      {
        "code": "6204",
        "label": "白银"
      },
      {
        "code": "6205",
        "label": "天水"
      },
      {
        "code": "6206",
        "label": "武威"
      },
      {
        "code": "6207",
        "label": "张掖"
      },
      {
        "code": "6208",
        "label": "平凉"
      },
      {
        "code": "6209",
        "label": "酒泉"
      },
      {
        "code": "6210",
        "label": "庆阳"
      },
      {
        "code": "6211",
        "label": "定西"
      },
      {
        "code": "6212",
        "label": "陇南"
      },
      {
        "code": "6229",
        "label": "临夏回族自治州"
      },
      {
        "code": "6230",
        "label": "甘南藏族自治州"
      }
    ]
  },
  {
    "code": "63",
    "label": "青海省",
    "children": [
      {
        "code": "6301",
        "label": "西宁"
      },
      {
        "code": "6302",
        "label": "海东"
      },
      {
        "code": "6322",
        "label": "海北藏族自治州"
      },
      {
        "code": "6323",
        "label": "黄南藏族自治州"
      },
      {
        "code": "6325",
        "label": "海南藏族自治州"
      },
      {
        "code": "6326",
        "label": "果洛藏族自治州"
      },
      {
        "code": "6327",
        "label": "玉树藏族自治州"
      },
      {
        "code": "6328",
        "label": "海西蒙古族藏族自治州"
      }
    ]
  },
  {
    "code": "64",
    "label": "宁夏回族自治区",
    "children": [
      {
        "code": "6401",
        "label": "银川"
      },
      {
        "code": "6402",
        "label": "石嘴山"
      },
      {
        "code": "6403",
        "label": "吴忠"
      },
      {
        "code": "6404",
        "label": "固原"
      },
      {
        "code": "6405",
        "label": "中卫"
      }
    ]
  },
  {
    "code": "65",
    "label": "新疆维吾尔自治区",
    "children": [
      {
        "code": "6501",
        "label": "乌鲁木齐"
      },
      {
        "code": "6502",
        "label": "克拉玛依"
      },
      {
        "code": "6504",
        "label": "吐鲁番"
      },
      {
        "code": "6505",
        "label": "哈密"
      },
      {
        "code": "6523",
        "label": "昌吉回族自治州"
      },
      {
        "code": "6527",
        "label": "博尔塔拉蒙古自治州"
      },
      {
        "code": "6528",
        "label": "巴音郭楞蒙古自治州"
      },
      {
        "code": "6529",
        "label": "阿克苏地区"
      },
      {
        "code": "6530",
        "label": "克孜勒苏柯尔克孜自治州"
      },
      {
        "code": "6531",
        "label": "喀什地区"
      },
      {
        "code": "6532",
        "label": "和田地区"
      },
      {
        "code": "6540",
        "label": "伊犁哈萨克自治州"
      },
      {
        "code": "6542",
        "label": "塔城地区"
      },
      {
        "code": "6543",
        "label": "阿勒泰地区"
      },
      {
        "code": "659001",
        "label": "石河子"
      },
      {
        "code": "659002",
        "label": "阿拉尔"
      },
      {
        "code": "659003",
        "label": "图木舒克"
      },
      {
        "code": "659004",
        "label": "五家渠"
      },
      {
        "code": "659005",
        "label": "北屯"
      },
      {
        "code": "659006",
        "label": "铁门关"
      },
      {
        "code": "659007",
        "label": "双河"
      },
      {
        "code": "659008",
        "label": "可克达拉"
      },
      {
        "code": "659009",
        "label": "昆玉"
      },
      {
        "code": "659010",
        "label": "胡杨河"
      },
      {
        "code": "659011",
        "label": "新星"
      }
    ]
  }
]